{
    "AppendLineDigit0": {
        "default": [ "0" ],
        "description": "Append digit 0 to line."
    },
    "AppendLineDigit1": {
        "default": [ "1" ],
        "description": "Append digit 1 to line."
    },
    "AppendLineDigit2": {
        "default": [ "2" ],
        "description": "Append digit 2 to line."
    },
    "AppendLineDigit3": {
        "default": [ "3" ],
        "description": "Append digit 3 to line."
    },
    "AppendLineDigit4": {
        "default": [ "4" ],
        "description": "Append digit 4 to line."
    },
    "AppendLineDigit5": {
        "default": [ "5" ],
        "description": "Append digit 5 to line."
    },
    "AppendLineDigit6": {
        "default": [ "6" ],
        "description": "Append digit 6 to line."
    },
    "AppendLineDigit7": {
        "default": [ "7" ],
        "description": "Append digit 7 to line."
    },
    "AppendLineDigit8": {
        "default": [ "8" ],
        "description": "Append digit 8 to line."
    },
    "AppendLineDigit9": {
        "default": [ "9" ],
        "description": "Append digit 9 to line."
    },
    "Commit": {
        "default": [ "C" ],
        "description": "Author commit"
    },
    "CommitAmend": {
        "default": [ "Alt+C" ],
        "description": "Amend commit"
    },
    "DecreaseContext": {
        "default": [ "OemMinus" ],
        "description": "Decreases the number of contextual lines."
    },
    "Exit": {
        "default": [ "Esc", "Q" ],
        "description": "Return to command line."
    },
    "GoEnd": {
        "default": [ "End" ],
        "description": "Selects the last line."
    },
    "GoEndOrInputLine": {
        "default": [ "Shift+G" ],
        "description": "Selects the last line (or Line N)."
    },
    "GoHome": {
        "default": [ "Home" ],
        "description": "Selects the first line."
    },
    "GoHomeOrInputLine": {
        "default": [ "G" ],
        "description": "Selects the first line (or Line N)."
    },
    "GoNextFile": {
        "default": [ "RightArrow" ],
        "description": "Go to the next file."
    },
    "GoNextHit": {
        "default": [ "n" ],
        "description": "Go to next search hit."
    },
    "GoNextHunk": {
        "default": [ "Oem6" ],
        "description": "Go to next change block."
    },
    "GoPreviousFile": {
        "default": [ "LeftArrow" ],
        "description": "Go to the previous file."
    },
    "GoPreviousHit": {
        "default": [ "p" ],
        "description": "Go to the previous search hit."
    },
    "GoPreviousHunk": {
        "default": [ "Oem4" ],
        "description": "Go to previous change block."
    },
    "IncreaseContext": {
        "default": [ "OemPlus" ],
        "description": "Increases the number of contextual lines."
    },
    "RemoveLastLineDigit": {
        "default": [ "BackSpace" ],
        "description": "Remove last line digit"
    },
    "Reset": {
        "default": [ "R" ],
        "description": "When viewing the working copy, removes the selected line from the working copy."
    },
    "ResetHunk": {
        "default": [ "Shift+R" ],
        "description": "When viewing the working copy, removes the selected block from the working copy."
    },
    "ScrollDown": {
        "default": [ "Control+DownArrow" ],
        "description": "Scrolls down by one line."
    },
    "ScrollLeft": {
        "default": [ "Control+LeftArrow" ],
        "description": "Scrolls left by one character."
    },
    "ScrollPageDown": {
        "default": [ "PageDown", "SpaceBar" ],
        "description": "Selects the line one screen below."
    },
    "ScrollPageUp": {
        "default": [ "PageUp" ],
        "description": "Selects the line one screen above."
    },
    "ScrollRight": {
        "default": [ "Control+RightArrow" ],
        "description": "Scrolls right by one character."
    },
    "ScrollUp": {
        "default": [ "Control+UpArrow" ],
        "description": "Scrolls up by one line."
    },
    "Search": {
        "default": [ "Oem2" ],
        "description": "Searches for a pattern."
    },
    "SelectDown": {
        "default": [ "DownArrow", "J" ],
        "description": "Selects the next line."
    },
    "SelectUp": {
        "default": [ "UpArrow", "K" ],
        "description": "Selects the previous line."
    },
    "ShowHelpPage": {
        "default": [ "F1", "Shift+Oem2" ],
        "description": "Show / hide help page."
    },
    "Stage": {
        "default": [ "S" ],
        "description": "When viewing the working copy, stages the selected line."
    },
    "StageHunk": {
        "default": [ "Shift+S" ],
        "description": "When viewing the working copy, stages the selected block."
    },
    "Stash": {
        "default": [ "Alt+S" ],
        "description": "Stashes changes from the working copy, but leaves the stage as-is."
    },
    "ToggleBetweenWorkingDirectoryAndStaging": {
        "default": [ "T" ],
        "description": "Toggle between working copy changes and staged changes."
    },
    "ToggleWhitespace": {
        "default": [ "W" ],
        "description": "Toggles between showing and hiding whitespace."
    },
    "ToggleFullDiff": {
        "default": [ "Oem7" ],
        "description": "Toggles between standard diff and full diff"
    },
    "Unstage": {
        "default": [ "U" ],
        "description": "When viewing the stage, unstages the selected line."
    },
    "UnstageHunk": {
        "default": [ "Shift+U" ],
        "description": "When viewing the stage, unstages the selected block."
    }
}
